{"stats":{"minecraft:used":{"minecraft:flint_and_steel":9,"minecraft:tnt":37,"minecraft:husk_spawn_egg":1,"minecraft:wither_skeleton_spawn_egg":1,"minecraft:tropical_fish_spawn_egg":1,"minecraft:spruce_sapling":6,"minecraft:cat_spawn_egg":1},"minecraft:mined":{"minecraft:grass_block":6,"minecraft:spruce_leaves":2,"minecraft:fern":1},"minecraft:custom":{"minecraft:time_since_rest":5333,"minecraft:crouch_one_cm":30,"minecraft:sprint_one_cm":10,"minecraft:play_time":5333,"minecraft:walk_one_cm":3929,"minecraft:sneak_time":71,"minecraft:mob_kills":8,"minecraft:drop":3,"minecraft:jump":90,"minecraft:damage_dealt":551,"minecraft:leave_game":1,"minecraft:time_since_death":5333,"minecraft:total_world_time":5333,"minecraft:fall_one_cm":1161,"minecraft:fly_one_cm":18970},"minecraft:picked_up":{"minecraft:flint_and_steel":1,"minecraft:rotten_flesh":2,"minecraft:tropical_fish_spawn_egg":1,"minecraft:tropical_fish":1,"minecraft:wheat_seeds":1,"minecraft:porkchop":1,"minecraft:spruce_sapling":1,"minecraft:mossy_cobblestone":7,"minecraft:dirt":12},"minecraft:dropped":{"minecraft:tropical_fish_spawn_egg":2,"minecraft:flint_and_steel":1},"minecraft:killed":{"minecraft:sheep":1,"minecraft:cat":1,"minecraft:husk":1,"minecraft:wither_skeleton":1,"minecraft:pig":4}},"DataVersion":3465}